<?xml version="1.0" encoding="UTF-8"?>
<!DOCTYPE suite SYSTEM "http://testng.org/testng-1.0.dtd">
<suite name="E2ETestSuite" >
<listeners>
      <listener class-name="org.testng.reporters.EmailableReporter2"/>
      <listener class-name="org.testng.reporters.XMLReporter"/>
 </listeners>
   <test name="Webservices">
    <classes>
      <class name="com.oracle.hpcm.wstests.CloudTestFixture"/>
     </classes>
   </test>
   <test name="Webservices-SwitchInstallationPreference">
    <classes>
      <class name="com.oracle.hpcm.wstests.SwitchInstallationPreference"/>
     </classes>
   </test>
</suite>