<project xmlns="http://maven.apache.org/POM/4.0.0" xmlns:xsi="http://www.w3.org/2001/XMLSchema-instance" xsi:schemaLocation="http://maven.apache.org/POM/4.0.0 http://maven.apache.org/xsd/maven-4.0.0.xsd">
	<modelVersion>4.0.0</modelVersion>
	<groupId>com.oracle.hpcm.qe</groupId>
	<artifactId>maven-test</artifactId>
	<version>1.0</version>  
	<packaging>jar</packaging>  

	<name>Maven Quick Start Archetype</name>  
	<url>http://maven.apache.org</url>  

	<dependencies>  
		<dependency>  
			<groupId>org.testng</groupId>
			<artifactId>testng</artifactId>
			<version>6.9.10</version>
			<scope>compile</scope>
		</dependency>  
<!-- https://mvnrepository.com/artifact/com.sun.jersey/jersey-client -->
<dependency>
    <groupId>com.sun.jersey</groupId>
    <artifactId>jersey-client</artifactId>
    <version>1.19.4</version>
</dependency> 

<!-- https://mvnrepository.com/artifact/com.sun.jersey/jersey-core -->
<dependency>
    <groupId>com.sun.jersey</groupId>
    <artifactId>jersey-core</artifactId>
    <version>1.19.4</version>
</dependency>
<!-- https://mvnrepository.com/artifact/com.sun.jersey.contribs/jersey-multipart -->
<dependency>
    <groupId>com.sun.jersey.contribs</groupId>
    <artifactId>jersey-multipart</artifactId>
    <version>1.19.4</version>
</dependency>

<!-- https://mvnrepository.com/artifact/com.fasterxml.jackson.core/jackson-databind -->
<dependency>
    <groupId>com.fasterxml.jackson.core</groupId>
    <artifactId>jackson-databind</artifactId>
    <version>2.9.3</version>
</dependency>
<!-- https://mvnrepository.com/artifact/commons-cli/commons-cli -->
<dependency>
    <groupId>commons-cli</groupId>
    <artifactId>commons-cli</artifactId>
    <version>1.4</version>
</dependency>
<!-- https://mvnrepository.com/artifact/commons-codec/commons-codec -->
<dependency>
    <groupId>commons-codec</groupId>
    <artifactId>commons-codec</artifactId>
    <version>1.4</version>
</dependency>

<!-- https://mvnrepository.com/artifact/commons-lang/commons-lang -->
<dependency>
    <groupId>commons-lang</groupId>
    <artifactId>commons-lang</artifactId>
    <version>2.6</version>
</dependency>
<!-- https://mvnrepository.com/artifact/commons-io/commons-io -->
<dependency>
    <groupId>commons-io</groupId>
    <artifactId>commons-io</artifactId>
    <version>2.5</version>
</dependency>

<!-- https://mvnrepository.com/artifact/com.googlecode.json-simple/json-simple -->
<dependency>
    <groupId>com.googlecode.json-simple</groupId>
    <artifactId>json-simple</artifactId>
    <version>1.1.1</version>
</dependency>
<!-- https://mvnrepository.com/artifact/org.apache.commons/commons-lang3 -->
<dependency>
    <groupId>org.apache.commons</groupId>
    <artifactId>commons-lang3</artifactId>
    <version>3.7</version>
</dependency>
<!-- https://mvnrepository.com/artifact/httpunit/httpunit -->
<dependency>
    <groupId>httpunit</groupId>
    <artifactId>httpunit</artifactId>
    <version>1.7</version>
    <scope>test</scope>
</dependency>
<!-- https://mvnrepository.com/artifact/org.seleniumhq.selenium/selenium-java -->
<dependency>
    <groupId>org.seleniumhq.selenium</groupId>
    <artifactId>selenium-java</artifactId>
    <version>3.8.1</version>
</dependency>
<!-- https://mvnrepository.com/artifact/com.relevantcodes/extentreports -->
<dependency>
    <groupId>com.relevantcodes</groupId>
    <artifactId>extentreports</artifactId>
    <version>2.41.2</version>
</dependency>

	</dependencies>  

	<build>
		<plugins>
			<plugin>
				<groupId>org.apache.maven.plugins</groupId>
				<artifactId>maven-compiler-plugin</artifactId>
				<version>3.3</version>
				<configuration>
					<source>1.8</source>
					<target>1.8</target>
				</configuration>
			</plugin>
			<plugin>
				<groupId>org.apache.maven.plugins</groupId>
				<artifactId>maven-surefire-plugin</artifactId>
				<version>2.18.1</version>
				<configuration>
					<suiteXmlFiles>
						<!-- TestNG suite XML files -->
						<suiteXmlFile>E2ETestng.xml</suiteXmlFile>
					</suiteXmlFiles>
				</configuration>
			</plugin>
		</plugins>
	</build>
</project>