<?xml version="1.0" encoding="UTF-8"?>
<!DOCTYPE suite SYSTEM "http://testng.org/testng-1.0.dtd">
<suite name="ParallelCalcTestSuite" >
<listeners>
      <listener class-name="org.testng.reporters.EmailableReporter2"/>
      <listener class-name="org.testng.reporters.XMLReporter"/>
 </listeners>
   <test name="Parallel-Calc">
   	 <parameter name="applicationNameFromTestNG"  value="PBML30"/>
    <classes>
      <class name="com.oracle.hpcm.tests.EngineAutomationTestFixture">
      </class>
     </classes>
   </test>

</suite>